{"cameraMode":{"drawMode":0,"name":"Shaded","section":"Shading Mode"},"sceneLighting":false,"audioPlay":false,"sceneViewState":{"m_AlwaysRefresh":false,"showFog":true,"showSkybox":false,"showFlares":true,"showImageEffects":true,"showParticleSystems":true,"showVisualEffectGraphs":true,"m_FxEnabled":true},"in2DMode":false,"pivot":{"x":0.5965067744255066,"y":1.0132554769515992,"z":0.7428497672080994},"rotation":{"x":-0.05509313568472862,"y":0.9408078193664551,"z":-0.18609990179538728,"w":-0.2781418263912201},"size":0.5678755044937134,"orthographic":false}