{"cameraMode":{"drawMode":0,"name":"Shaded","section":"Shading Mode"},"sceneLighting":true,"audioPlay":false,"sceneViewState":{"m_AlwaysRefresh":false,"showFog":true,"showSkybox":true,"showFlares":true,"showImageEffects":true,"showParticleSystems":true,"showVisualEffectGraphs":true,"m_FxEnabled":true},"in2DMode":false,"pivot":{"x":-21.79364013671875,"y":2.9537463188171388,"z":-1.2438982725143433},"rotation":{"x":-0.005505983717739582,"y":0.9668907523155212,"z":-0.02058485895395279,"w":-0.25459179282188418},"size":0.32555297017097475,"orthographic":false}