{"cameraMode":{"drawMode":0,"name":"Shaded","section":"Shading Mode"},"sceneLighting":false,"audioPlay":false,"sceneViewState":{"m_AlwaysRefresh":false,"showFog":true,"showSkybox":false,"showFlares":true,"showImageEffects":true,"showParticleSystems":true,"showVisualEffectGraphs":true,"m_FxEnabled":true},"in2DMode":false,"pivot":{"x":0.4209497570991516,"y":0.36698275804519656,"z":0.25160253047943118},"rotation":{"x":-0.0923910066485405,"y":0.5676765441894531,"z":-0.06431090831756592,"w":-0.8155211210250855},"size":0.3255530297756195,"orthographic":false}