{"cameraMode":{"drawMode":0,"name":"Shaded","section":"Shading Mode"},"sceneLighting":false,"audioPlay":false,"sceneViewState":{"m_AlwaysRefresh":false,"showFog":true,"showSkybox":false,"showFlares":true,"showImageEffects":true,"showParticleSystems":true,"showVisualEffectGraphs":true,"m_FxEnabled":true},"in2DMode":false,"pivot":{"x":-0.003333844244480133,"y":0.008465479128062725,"z":0.00726655125617981},"rotation":{"x":-0.011550677940249443,"y":-0.9883253574371338,"z":0.11647540330886841,"w":-0.09787784516811371},"size":0.24386267364025117,"orthographic":false}