{"cameraMode":{"drawMode":0,"name":"Shaded","section":"Shading Mode"},"sceneLighting":false,"audioPlay":false,"sceneViewState":{"m_AlwaysRefresh":false,"showFog":true,"showSkybox":false,"showFlares":true,"showImageEffects":true,"showParticleSystems":true,"showVisualEffectGraphs":true,"m_FxEnabled":true},"in2DMode":false,"pivot":{"x":0.05514788627624512,"y":0.3962218761444092,"z":-0.5224446654319763},"rotation":{"x":0.021753504872322084,"y":-0.8327665328979492,"z":0.03273138776421547,"w":0.5522964000701904},"size":1.3987797498703004,"orthographic":false}