{"cameraMode":{"drawMode":0,"name":"Shaded","section":"Shading Mode"},"sceneLighting":false,"audioPlay":false,"sceneViewState":{"m_AlwaysRefresh":false,"showFog":true,"showSkybox":false,"showFlares":true,"showImageEffects":true,"showParticleSystems":true,"showVisualEffectGraphs":true,"m_FxEnabled":true},"in2DMode":false,"pivot":{"x":1.1860060691833497,"y":0.3050177991390228,"z":1.1553127765655518},"rotation":{"x":0.07259135693311691,"y":-0.8198174238204956,"z":0.10658221691846848,"w":0.5579802393913269},"size":1.294405221939087,"orthographic":false}