{"cameraMode":{"drawMode":0,"name":"Shaded","section":"Shading Mode"},"sceneLighting":false,"audioPlay":false,"sceneViewState":{"m_AlwaysRefresh":false,"showFog":true,"showSkybox":false,"showFlares":true,"showImageEffects":true,"showParticleSystems":true,"showVisualEffectGraphs":true,"m_FxEnabled":true},"in2DMode":false,"pivot":{"x":0.0528998039662838,"y":0.14928404986858369,"z":-0.08427014201879502},"rotation":{"x":0.01924666203558445,"y":0.9640812277793884,"z":-0.07273848354816437,"w":0.25495868921279909},"size":0.29353106021881106,"orthographic":false}