{"cameraMode":{"drawMode":0,"name":"Shaded","section":"Shading Mode"},"sceneLighting":false,"audioPlay":false,"sceneViewState":{"m_AlwaysRefresh":false,"showFog":true,"showSkybox":false,"showFlares":true,"showImageEffects":true,"showParticleSystems":true,"showVisualEffectGraphs":true,"m_FxEnabled":true},"in2DMode":false,"pivot":{"x":-0.0006399303674697876,"y":0.05177058279514313,"z":-0.005902037024497986},"rotation":{"x":0.0727151557803154,"y":0.8713480830192566,"z":-0.1359783560037613,"w":0.46593037247657778},"size":0.29071852564811709,"orthographic":false}