{"cameraMode":{"drawMode":0,"name":"Shaded","section":"Shading Mode"},"sceneLighting":false,"audioPlay":false,"sceneViewState":{"m_AlwaysRefresh":false,"showFog":true,"showSkybox":false,"showFlares":true,"showImageEffects":true,"showParticleSystems":true,"showVisualEffectGraphs":true,"m_FxEnabled":true},"in2DMode":false,"pivot":{"x":0.041552186012268069,"y":0.1972862184047699,"z":-1.043081283569336e-7},"rotation":{"x":0.1116744875907898,"y":-0.8641279935836792,"z":0.4387494921684265,"w":0.22000251710414887},"size":0.3255530297756195,"orthographic":false}