{"cameraMode":{"drawMode":0,"name":"Shaded","section":"Shading Mode"},"sceneLighting":false,"audioPlay":false,"sceneViewState":{"m_AlwaysRefresh":false,"showFog":true,"showSkybox":false,"showFlares":true,"showImageEffects":true,"showParticleSystems":true,"showVisualEffectGraphs":true,"m_FxEnabled":true},"in2DMode":false,"pivot":{"x":-0.07912428677082062,"y":0.4743804633617401,"z":-0.20235128700733186},"rotation":{"x":-0.008040884509682656,"y":-0.9813085198402405,"z":0.1880258321762085,"w":-0.042358770966529849},"size":1.5194690227508546,"orthographic":false}