{"cameraMode":{"drawMode":0,"name":"Shaded","section":"Shading Mode"},"sceneLighting":false,"audioPlay":false,"sceneViewState":{"m_AlwaysRefresh":false,"showFog":true,"showSkybox":false,"showFlares":true,"showImageEffects":true,"showParticleSystems":true,"showVisualEffectGraphs":true,"m_FxEnabled":true},"in2DMode":false,"pivot":{"x":-0.11434926092624664,"y":1.4750744104385377,"z":2.9461140632629396},"rotation":{"x":0.02358945459127426,"y":-0.9718315005302429,"z":0.20744435489177705,"w":0.11014827340841294},"size":0.5678755044937134,"orthographic":false}