{"cameraMode":{"drawMode":0,"name":"Shaded","section":"Shading Mode"},"sceneLighting":false,"audioPlay":false,"sceneViewState":{"m_AlwaysRefresh":false,"showFog":true,"showSkybox":false,"showFlares":true,"showImageEffects":true,"showParticleSystems":true,"showVisualEffectGraphs":true,"m_FxEnabled":true},"in2DMode":false,"pivot":{"x":-0.003333836793899536,"y":0.008465479128062725,"z":0.00726655125617981},"rotation":{"x":0.011059450916945935,"y":0.9482988715171814,"z":-0.3156338036060333,"w":0.03323831036686897},"size":0.24386267364025117,"orthographic":false}