{"cameraMode":{"drawMode":0,"name":"Shaded","section":"Shading Mode"},"sceneLighting":false,"audioPlay":false,"sceneViewState":{"m_AlwaysRefresh":false,"showFog":true,"showSkybox":false,"showFlares":true,"showImageEffects":true,"showParticleSystems":true,"showVisualEffectGraphs":true,"m_FxEnabled":true},"in2DMode":false,"pivot":{"x":0.025068283081054689,"y":0.4616278409957886,"z":-0.008183866739273072},"rotation":{"x":0.25337210297584536,"y":-0.7426062226295471,"z":0.48104315996170046,"w":0.3911369740962982},"size":1.2944012880325318,"orthographic":false}