{"cameraMode":{"drawMode":0,"name":"Shaded","section":"Shading Mode"},"sceneLighting":false,"audioPlay":false,"sceneViewState":{"m_AlwaysRefresh":false,"showFog":true,"showSkybox":false,"showFlares":true,"showImageEffects":true,"showParticleSystems":true,"showVisualEffectGraphs":true,"m_FxEnabled":true},"in2DMode":false,"pivot":{"x":5.960464477539063e-8,"y":0.4616279900074005,"z":-0.03324878215789795},"rotation":{"x":-0.010307504795491696,"y":-0.8844353556632996,"z":-0.019650204107165338,"w":0.466201514005661},"size":1.294405221939087,"orthographic":false}