{"cameraMode":{"drawMode":0,"name":"Shaded","section":"Shading Mode"},"sceneLighting":false,"audioPlay":false,"sceneViewState":{"m_AlwaysRefresh":false,"showFog":true,"showSkybox":false,"showFlares":true,"showImageEffects":true,"showParticleSystems":true,"showVisualEffectGraphs":true,"m_FxEnabled":true},"in2DMode":false,"pivot":{"x":0.8025203347206116,"y":0.23033542931079865,"z":0.03371868655085564},"rotation":{"x":-0.02317911759018898,"y":0.8476628661155701,"z":-0.03715810552239418,"w":-0.5287289619445801},"size":0.2530607283115387,"orthographic":false}