{"cameraMode":{"drawMode":0,"name":"Shaded","section":"Shading Mode"},"sceneLighting":false,"audioPlay":false,"sceneViewState":{"m_AlwaysRefresh":false,"showFog":true,"showSkybox":false,"showFlares":true,"showImageEffects":true,"showParticleSystems":true,"showVisualEffectGraphs":true,"m_FxEnabled":true},"in2DMode":false,"pivot":{"x":0.28030258417129519,"y":0.9878136515617371,"z":2.0628952980041506},"rotation":{"x":0.038022276014089587,"y":-0.956347644329071,"z":0.2511480152606964,"w":0.1448197215795517},"size":0.3692401349544525,"orthographic":false}